# Fuente: https://raw.githubusercontent.com/davidmuma/EPG_dobleM/master/guiatv.xml
La 1 HD,ES: LA 1,https://raw.githubusercontent.com/davidmuma/picons_dobleM/master/icon/La%201.png
La 2,ES: LA 2,https://raw.githubusercontent.com/davidmuma/picons_dobleM/master/icon/La%202.png
Antena 3 HD,ES: ANTENA 3,https://raw.githubusercontent.com/davidmuma/picons_dobleM/master/icon/Antena%203.png
Cuatro HD,ES: CUATRO,https://raw.githubusercontent.com/davidmuma/picons_dobleM/master/icon/Cuatro.png
Telecinco HD,ES: TELECINCO,https://raw.githubusercontent.com/davidmuma/picons_dobleM/master/icon/Telecinco.png
La Sexta HD,ES: La Sexta,https://raw.githubusercontent.com/davidmuma/picons_dobleM/master/icon/La%20Sexta.png
M+ Estrenos HD,ES: M+ Estrenos,https://raw.githubusercontent.com/davidmuma/picons_dobleM/master/icon/M%2B%20Estrenos.png
M+ Estrenos HD,ES: M+ cine,https://raw.githubusercontent.com/davidmuma/picons_dobleM/master/icon/M%2B%20Estrenos.png
M+ Hits HD,ES: M+ series,https://raw.githubusercontent.com/davidmuma/picons_dobleM/master/icon/M%2B%20Hits.png
M+ Originales HD,ES: M+ Originales,https://raw.githubusercontent.com/davidmuma/picons_dobleM/master/icon/M%2B%20Originales.png
M+ Navidad,ES: LA RESISTENCIA,https://raw.githubusercontent.com/davidmuma/picons_dobleM/master/icon/M%2B%20Navidad.png
M+ Documentales HD,ES: M+ Documentales,https://raw.githubusercontent.com/davidmuma/picons_dobleM/master/icon/M%2B%20Documentales.png
M+ BBC Earth,ES: M+ BBC Earth,https://raw.githubusercontent.com/davidmuma/picons_dobleM/master/icon/BBC%20Earth.png
M+ Clásicos HD,ES: M+ CLÁSICOS,https://raw.githubusercontent.com/davidmuma/picons_dobleM/master/icon/M%2B%20Cl%C3%A1sicos.png
M+ Acción HD,ES: M+ ACCIÓN,https://raw.githubusercontent.com/davidmuma/picons_dobleM/master/icon/M%2B%20Acci%C3%B3n.png
M+ Comedia HD,ES: M+ Comedia,https://raw.githubusercontent.com/davidmuma/picons_dobleM/master/icon/M%2B%20Comedia.png
M+ Drama HD,ES: M+ Drama,https://raw.githubusercontent.com/davidmuma/picons_dobleM/master/icon/M%2B%20Drama.png
M+ Indie HD,ES: M+ Indie,https://raw.githubusercontent.com/davidmuma/picons_dobleM/master/icon/M%2B%20Indie.png
M+ Cine Español,ES: M+ CINE ESPAÑOL,https://raw.githubusercontent.com/davidmuma/picons_dobleM/master/icon/M%2B%20Cine%20Espa%C3%B1ol.png
M+ PopUp,ES: M+ PopUp,https://raw.githubusercontent.com/davidmuma/picons_dobleM/master/icon/M%2B%20PopUp.png
TCM HD,ES: TCM,https://raw.githubusercontent.com/davidmuma/picons_dobleM/master/icon/TCM.png
BBC Series,ES: BBC Series,https://raw.githubusercontent.com/davidmuma/picons_dobleM/master/icon/BBC%20Series.png
BBC Top Gear,ES: BBC Top Gear,https://raw.githubusercontent.com/davidmuma/picons_dobleM/master/icon/BBC%20Top%20Gear.png
BBC Lifestyle,ES: BBC Lifestyle,https://raw.githubusercontent.com/davidmuma/picons_dobleM/master/icon/BBC%20Lifestyle.png
Paramount Network,ES: Paramount CHANNEL,https://raw.githubusercontent.com/davidmuma/picons_dobleM/master/icon/Paramount%20Network.png
Be Mad,ES: Be Mad,https://raw.githubusercontent.com/davidmuma/picons_dobleM/master/icon/Be%20Mad.png
STAR Channel HD,ES: STAR Channel,https://raw.githubusercontent.com/davidmuma/picons_dobleM/master/icon/STAR%20Channel.png
AXN HD,ES: AXN,https://raw.githubusercontent.com/davidmuma/picons_dobleM/master/icon/AXN.png
Warner TV HD,ES: Warner TV,https://raw.githubusercontent.com/davidmuma/picons_dobleM/master/icon/Warner%20TV.png
Comedy Central HD,ES: Comedy Central,https://raw.githubusercontent.com/davidmuma/picons_dobleM/master/icon/Comedy%20Central.png
Calle 13 HD,ES: Calle 13,https://raw.githubusercontent.com/davidmuma/picons_dobleM/master/icon/Calle%2013.png
Cosmo HD,ES: Cosmo,https://raw.githubusercontent.com/davidmuma/picons_dobleM/master/icon/Cosmo.png
SyFy HD,ES: SyFy,https://raw.githubusercontent.com/davidmuma/picons_dobleM/master/icon/SyFy.png
Energy,ES: Energy,https://raw.githubusercontent.com/davidmuma/picons_dobleM/master/icon/Energy.png
Factoría de Ficción,ES: FACTORÍA DE FICCIÓN,https://raw.githubusercontent.com/davidmuma/picons_dobleM/master/icon/Factor%C3%ADa%20de%20Ficci%C3%B3n.png
Neox,ES: Neox,https://raw.githubusercontent.com/davidmuma/picons_dobleM/master/icon/Neox.png
Caza y Pesca HD,ES: Caza y Pesca,https://raw.githubusercontent.com/davidmuma/picons_dobleM/master/icon/Caza%20y%20Pesca.png
Iberalia TV,es: Iberalia tv,https://raw.githubusercontent.com/davidmuma/picons_dobleM/master/icon/Iberalia%20TV.png
National Geographic HD,ES: National Geographic,https://raw.githubusercontent.com/davidmuma/picons_dobleM/master/icon/National%20Geographic.png
Nat Geo Wild HD,ES: Nat Geo Wild,https://raw.githubusercontent.com/davidmuma/picons_dobleM/master/icon/Nat%20Geo%20Wild.png
BBC History,ES: BBC History,https://raw.githubusercontent.com/davidmuma/picons_dobleM/master/icon/BBC%20History.png
Discovery,ES: Discovery,https://raw.githubusercontent.com/davidmuma/picons_dobleM/master/icon/Discovery.png
BBC Food,ES: BBC Food,https://raw.githubusercontent.com/davidmuma/picons_dobleM/master/icon/BBC%20Food.png
Divinity,ES: Divinity,https://raw.githubusercontent.com/davidmuma/picons_dobleM/master/icon/Divinity.png
Nova,ES: Nova,https://raw.githubusercontent.com/davidmuma/picons_dobleM/master/icon/Nova.png
Baby TV,ES: Baby TV,https://raw.githubusercontent.com/davidmuma/picons_dobleM/master/icon/Baby%20TV.png
Disney Junior,ES: Disney Junior,https://raw.githubusercontent.com/davidmuma/picons_dobleM/master/icon/Disney%20Junior.png
Nick JR,ES: Nick JR,https://raw.githubusercontent.com/davidmuma/picons_dobleM/master/icon/Nick%20JR.png
Nickelodeon HD,ES: Nickelodeon,https://raw.githubusercontent.com/davidmuma/picons_dobleM/master/icon/Nickelodeon.png
Dreamworks HD,ES: Dreamworks,https://raw.githubusercontent.com/davidmuma/picons_dobleM/master/icon/Dreamworks.png
Boing,ES: Boing,https://raw.githubusercontent.com/davidmuma/picons_dobleM/master/icon/Boing.png
Clan,ES: Clan,https://raw.githubusercontent.com/davidmuma/picons_dobleM/master/icon/Clan.png
MTV España,ES: MTV,https://raw.githubusercontent.com/davidmuma/picons_dobleM/master/icon/MTV%20Espa%C3%B1a.png
MTV 00s,ES: MTV 00s,https://raw.githubusercontent.com/davidmuma/picons_dobleM/master/icon/MTV%2000s.png
Mezzo,ES: Mezzo,https://raw.githubusercontent.com/davidmuma/picons_dobleM/master/icon/Mezzo.png
Mezzo Live HD,ES: Mezzo Live,https://raw.githubusercontent.com/davidmuma/picons_dobleM/master/icon/Mezzo%20Live.png
Classica HD,Classica,https://raw.githubusercontent.com/davidmuma/picons_dobleM/master/icon/Classica.png
24 Horas,ES: 24 Horas,https://raw.githubusercontent.com/davidmuma/picons_dobleM/master/icon/24%20Horas.png
BBC World News Europe HD,BBC World News Europe,https://raw.githubusercontent.com/davidmuma/picons_dobleM/master/icon/BBC%20World%20News%20Europe.png
CNN International Europe,ES: CNN,https://raw.githubusercontent.com/davidmuma/picons_dobleM/master/icon/CNN%20International%20Europe.png
Al Jazeera English HD,Al Jazeera English,https://raw.githubusercontent.com/davidmuma/picons_dobleM/master/icon/Al%20Jazeera%20English.png
France 24 (en Francais),France 24 (en Francais),https://raw.githubusercontent.com/davidmuma/picons_dobleM/master/icon/France%2024%20(en%20Francais).png
CNBC Europe HD,CNBC Europe,https://raw.githubusercontent.com/davidmuma/picons_dobleM/master/icon/CNBC%20Europe.png
TV5 Monde Europe HD,TV5 Monde Europe,https://raw.githubusercontent.com/davidmuma/picons_dobleM/master/icon/TV5%20Monde%20Europe.png
Bloomberg TV Europe,Bloomberg TV Europe,https://raw.githubusercontent.com/davidmuma/picons_dobleM/master/icon/Bloomberg%20TV%20Europe.png
Cubavisión Internacional HD,Cubavisión Internacional,https://raw.githubusercontent.com/davidmuma/picons_dobleM/master/icon/Cubavisi%C3%B3n%20Internacional.png
Telesur HD,Telesur,https://raw.githubusercontent.com/davidmuma/picons_dobleM/master/icon/Telesur.png
Canal Sur Andalucía,ES: Canal Sur Andalucía,https://raw.githubusercontent.com/davidmuma/picons_dobleM/master/icon/Canal%20Sur%20Andaluc%C3%ADa.png
TVG Europa HD,TVG Europa,https://raw.githubusercontent.com/davidmuma/picons_dobleM/master/icon/TVG%20Europa.png
Canal Extremadura SAT,Canal Extremadura SAT,https://raw.githubusercontent.com/davidmuma/picons_dobleM/master/icon/Canal%20Extremadura%20SAT.png
Aragón TV Internacional,ES: ARAGÓN TV INT,https://raw.githubusercontent.com/davidmuma/picons_dobleM/master/icon/Arag%C3%B3n%20TV%20Internacional.png
Alquiler HD,Alquiler,https://raw.githubusercontent.com/davidmuma/picons_dobleM/master/icon/Alquiler.png
Alquiler 1,Alquiler 1,https://raw.githubusercontent.com/davidmuma/picons_dobleM/master/icon/Alquiler%201.png
À Punt,ES: À PUNT,https://raw.githubusercontent.com/davidmuma/picons_dobleM/master/icon/%C3%80%20Punt.png
Aragón TV,Aragón TV,https://raw.githubusercontent.com/davidmuma/picons_dobleM/master/icon/Arag%C3%B3n%20TV.png
Navarra TV,Navarra TV,https://raw.githubusercontent.com/davidmuma/picons_dobleM/master/icon/Navarra%20TV.png
Navarra TV 2,Navarra TV 2,https://www.navarratelevision.es/entorno/Cabeceras/CabeceraNATV.png?20250129a
TPA Asturias,TPA Asturias,https://raw.githubusercontent.com/davidmuma/picons_dobleM/master/icon/TPA%20Asturias.png
CMM TV,ES: CASTILLA LA MANCHA,https://raw.githubusercontent.com/davidmuma/picons_dobleM/master/icon/CMM%20TV.png
La 7 CyL,La 7 CyL,https://raw.githubusercontent.com/davidmuma/picons_dobleM/master/icon/La%207%20CyL.png
ETB1,ES: ETB 1,https://raw.githubusercontent.com/davidmuma/picons_dobleM/master/icon/ETB1.png
ETB2,ES: ETB 2,https://raw.githubusercontent.com/davidmuma/picons_dobleM/master/icon/ETB2.png
TVG,ES: TVG,https://raw.githubusercontent.com/davidmuma/picons_dobleM/master/icon/TVG.png
TVG2,ES: TVG2,https://raw.githubusercontent.com/davidmuma/picons_dobleM/master/icon/TVG2.png
Canal Extremadura,Canal Extremadura,https://raw.githubusercontent.com/davidmuma/picons_dobleM/master/icon/Canal%20Extremadura.png
Telemadrid,ES: Telemadrid int,https://raw.githubusercontent.com/davidmuma/picons_dobleM/master/icon/Telemadrid.png
La Otra,ES: La Otra,https://raw.githubusercontent.com/davidmuma/picons_dobleM/master/icon/La%20Otra.png
TV3,ES: TV3 CAT,https://raw.githubusercontent.com/davidmuma/picons_dobleM/master/icon/TV3.png
La 7 Murcia,ES: La 7 Murcia,https://raw.githubusercontent.com/davidmuma/picons_dobleM/master/icon/La%207%20Murcia.png
Canal Sur HD,ES: Canal Sur ANDALUCÍA,https://raw.githubusercontent.com/davidmuma/picons_dobleM/master/icon/Canal%20Sur.png
Andalucía TV,Andalucía TV,https://raw.githubusercontent.com/davidmuma/picons_dobleM/master/icon/Andaluc%C3%ADa%20TV.png
La Ocho Mediterráneo,La Ocho Mediterráneo,https://raw.githubusercontent.com/davidmuma/picons_dobleM/master/icon/La%20Ocho%20Mediterr%C3%A1neo.png
IB3 TV Illes Balears,ES: IB3 TV Illes Balears,https://raw.githubusercontent.com/davidmuma/picons_dobleM/master/icon/IB3%20TV%20Illes%20Balears.png
TV Canaria,TV Canaria,https://raw.githubusercontent.com/davidmuma/picons_dobleM/master/icon/TV%20Canaria.png
HBO Max Avances,E: MAX PPV,https://raw.githubusercontent.com/davidmuma/picons_dobleM/master/icon/HBO%20Max%20Avances.png
SkyShowtime,ES: SkyShowtime,https://raw.githubusercontent.com/davidmuma/picons_dobleM/master/icon/SkyShowtime.png
AXN Movies HD,ES: AXN Movies,https://raw.githubusercontent.com/davidmuma/picons_dobleM/master/icon/AXN%20Movies.png
TRECE,TRECE,https://raw.githubusercontent.com/davidmuma/picons_dobleM/master/icon/TRECE.png
Atreseries,ES: Atreseries,https://raw.githubusercontent.com/davidmuma/picons_dobleM/master/icon/Atreseries.png
Real Madrid TV,ES: Real Madrid TV,https://raw.githubusercontent.com/davidmuma/picons_dobleM/master/icon/Real%20Madrid%20TV.png
Garage TV,ES: Garage TV,https://raw.githubusercontent.com/davidmuma/picons_dobleM/master/icon/Garage%20TV.png
UBEAT,ES: UBEAT,https://raw.githubusercontent.com/davidmuma/picons_dobleM/master/icon/UBEAT.png
DMAX,ES: DMAX,https://raw.githubusercontent.com/davidmuma/picons_dobleM/master/icon/DMAX.png
DKISS,ES: DKISS,https://raw.githubusercontent.com/davidmuma/picons_dobleM/master/icon/DKISS.png
Mega,ES: Mega,https://raw.githubusercontent.com/davidmuma/picons_dobleM/master/icon/Mega.png
Ten,ES: Ten,https://raw.githubusercontent.com/davidmuma/picons_dobleM/master/icon/Ten.png
ETB3,ETB3,https://raw.githubusercontent.com/davidmuma/picons_dobleM/master/icon/ETB3.png
EuroNews,EuroNews,https://raw.githubusercontent.com/davidmuma/picons_dobleM/master/icon/EuroNews.png
El Toro TV,ES: El Toro TV,https://raw.githubusercontent.com/davidmuma/picons_dobleM/master/icon/El%20Toro%20TV.png
Negocios TV,ES: Negocios TV,https://raw.githubusercontent.com/davidmuma/picons_dobleM/master/icon/Negocios%20TV.png
CGTN Español,ES: CGTN Español,https://raw.githubusercontent.com/davidmuma/picons_dobleM/master/icon/CGTN%20Espa%C3%B1ol.png
CGTN Documentary,CGTN Documentary,https://raw.githubusercontent.com/davidmuma/picons_dobleM/master/icon/CGTN%20Documentary.png
UCL,UCL,https://raw.githubusercontent.com/davidmuma/picons_dobleM/master/icon/UCL.png
Canal de las Estrellas,Canal de las Estrellas,https://raw.githubusercontent.com/davidmuma/picons_dobleM/master/icon/Canal%20de%20las%20Estrellas.png
TV Chile,TV Chile,https://raw.githubusercontent.com/davidmuma/picons_dobleM/master/icon/TV%20Chile.png
Nuestra Tele Internacional,Nuestra Tele Internacional,https://raw.githubusercontent.com/davidmuma/picons_dobleM/master/icon/Nuestra%20Tele%20Internacional.png
EWTN,EWTN,https://raw.githubusercontent.com/davidmuma/picons_dobleM/master/icon/EWTN.png
EITB Basque,EITB Basque,https://raw.githubusercontent.com/davidmuma/picons_dobleM/master/icon/EITB%20Basque.png
Telemadrid Internacional,Telemadrid Internacional,https://raw.githubusercontent.com/davidmuma/picons_dobleM/master/icon/Telemadrid%20Internacional.png
SX3,SX3,https://raw.githubusercontent.com/davidmuma/picons_dobleM/master/icon/SX3.png
Esport 3,Esport 3,https://raw.githubusercontent.com/davidmuma/picons_dobleM/master/icon/Esport%203.png
3CatInfo,3CatInfo,https://raw.githubusercontent.com/davidmuma/picons_dobleM/master/icon/3CatInfo.png
Betevé,ES: Betevé,https://raw.githubusercontent.com/davidmuma/picons_dobleM/master/icon/Betev%C3%A9.png
Movistar Plus+ HD,ES: Movistar Plus+,https://raw.githubusercontent.com/davidmuma/picons_dobleM/master/icon/Movistar%20Plus%2B.png
Primera Federación,ES: M+ COPA DEL REY,https://raw.githubusercontent.com/davidmuma/picons_dobleM/master/icon/Primera%20Federaci%C3%B3n.png
M+ Vamos HD,ES: M+ Vamos,https://raw.githubusercontent.com/davidmuma/picons_dobleM/master/icon/M%2B%20Vamos.png
M+ LaLiga HD,ES:(HD)M+ LaLiga,https://raw.githubusercontent.com/davidmuma/picons_dobleM/master/icon/M%2B%20LaLiga.png
M+ LaLiga HD,ES:(HD REPUESTO)M+ LaLiga,https://raw.githubusercontent.com/davidmuma/picons_dobleM/master/icon/M%2B%20LaLiga.png
M+ LaLiga HD,ES:(FHD)M+ LaLiga,https://raw.githubusercontent.com/davidmuma/picons_dobleM/master/icon/M%2B%20LaLiga.png
M+ LaLiga HD,ES:(FHD)M+ LaLiga,https://raw.githubusercontent.com/davidmuma/picons_dobleM/master/icon/M%2B%20LaLiga.png
DAZN LaLiga HD,ES: (FHD) DAZN LaLiga,https://raw.githubusercontent.com/davidmuma/picons_dobleM/master/icon/DAZN%20LaLiga.png
DAZN LaLiga HD,ES:(HD REPUESTO)DAZN LaLiga,https://raw.githubusercontent.com/davidmuma/picons_dobleM/master/icon/DAZN%20LaLiga.png
DAZN LaLiga HD,ES:(HD REPUESTO2)DAZN LaLiga,https://raw.githubusercontent.com/davidmuma/picons_dobleM/master/icon/DAZN%20LaLiga.png
DAZN LaLiga HD,ES:(HD) DAZN LaLiga,https://raw.githubusercontent.com/davidmuma/picons_dobleM/master/icon/DAZN%20LaLiga.png
LaLiga TV Hypermotion HD,ES:LaLiga TV Hypermotion,https://raw.githubusercontent.com/davidmuma/picons_dobleM/master/icon/LaLiga%20TV%20Hypermotion.png
M+ LaLiga 2 HD,ES: M+ LaLiga 2,https://raw.githubusercontent.com/davidmuma/picons_dobleM/master/icon/M%2B%20LaLiga%202.png
DAZN LaLiga 2 HD,ES: DAZN LaLiga 2,https://raw.githubusercontent.com/davidmuma/picons_dobleM/master/icon/DAZN%20LaLiga%202.png
LaLiga TV Hypermotion 2,ES: LaLiga TV Hypermotion 2,https://raw.githubusercontent.com/davidmuma/picons_dobleM/master/icon/LaLiga%20TV%20Hypermotion%202.png
M+ Liga de Campeones HD,ES:(FHD)M+ Liga de Campeones,https://raw.githubusercontent.com/davidmuma/picons_dobleM/master/icon/M%2B%20Liga%20de%20Campeones.png
M+ Liga de Campeones HD,ES:(HD)M+ Liga de Campeones,https://raw.githubusercontent.com/davidmuma/picons_dobleM/master/icon/M%2B%20Liga%20de%20Campeones.png
M+ Liga de Campeones HD,ES:(FHD REPUESTO)M+ Liga de Campeones,https://raw.githubusercontent.com/davidmuma/picons_dobleM/master/icon/M%2B%20Liga%20de%20Campeones.png
M+ Liga de Campeones HD,ES:(HD REPUESTO)M+ Liga de Campeones,https://raw.githubusercontent.com/davidmuma/picons_dobleM/master/icon/M%2B%20Liga%20de%20Campeones.png
M+ Liga de Campeones 2 HD,ES: M+ Liga de Campeones 2,https://raw.githubusercontent.com/davidmuma/picons_dobleM/master/icon/M%2B%20Liga%20de%20Campeones%202.png
M+ Liga de Campeones 3 HD,ES: M+ Liga de Campeones 3,https://raw.githubusercontent.com/davidmuma/picons_dobleM/master/icon/M%2B%20Liga%20de%20Campeones%203.png
M+ Deportes HD,ES:(FHD)M+ Deportes,https://raw.githubusercontent.com/davidmuma/picons_dobleM/master/icon/M%2B%20Deportes.png
M+ Deportes HD,ES:(HD)M+ Deportes,https://raw.githubusercontent.com/davidmuma/picons_dobleM/master/icon/M%2B%20Deportes.png
M+ Deportes 2 HD,ES: M+ Deportes 2,https://raw.githubusercontent.com/davidmuma/picons_dobleM/master/icon/M%2B%20Deportes%202.png
M+ Deportes 3,ES: M+ Deportes 3,https://raw.githubusercontent.com/davidmuma/picons_dobleM/master/icon/M%2B%20Deportes%203.png
M+ Ellas Vamos HD,ES: M+ Ellas V,https://raw.githubusercontent.com/davidmuma/picons_dobleM/master/icon/M%2B%20Ellas%20Vamos.png
M+ Golf HD,ES: M+ Golf,https://raw.githubusercontent.com/davidmuma/picons_dobleM/master/icon/M%2B%20Golf.png
M+ Golf 2 HD,ES: M+ Golf 2,https://raw.githubusercontent.com/davidmuma/picons_dobleM/master/icon/M%2B%20Golf%202.png
DAZN F1 HD,CH11,https://raw.githubusercontent.com/davidmuma/picons_dobleM/master/icon/DAZN%20F1.png
DAZN 1 HD,ES: (HD) DAZN 1,https://raw.githubusercontent.com/davidmuma/picons_dobleM/master/icon/DAZN%201.png
DAZN 1 HD,ES: (FHD) DAZN 1,https://raw.githubusercontent.com/davidmuma/picons_dobleM/master/icon/DAZN%201.png
DAZN 2 HD,ES: DAZN 2,https://raw.githubusercontent.com/davidmuma/picons_dobleM/master/icon/DAZN%202.png
Eurosport 1 HD,ES: Eurosport 1,https://raw.githubusercontent.com/davidmuma/picons_dobleM/master/icon/Eurosport%201.png
Eurosport 2,ES: Eurosport 2,https://raw.githubusercontent.com/davidmuma/picons_dobleM/master/icon/Eurosport%202.png
GOL,GOL,https://raw.githubusercontent.com/davidmuma/picons_dobleM/master/icon/GOL.png
Teledeporte,ES: Teledeporte,https://raw.githubusercontent.com/davidmuma/picons_dobleM/master/icon/Teledeporte.png
M+ Liga de Campeones 4,ES: M+ Liga de Campeones 4,https://raw.githubusercontent.com/davidmuma/picons_dobleM/master/icon/M%2B%20Liga%20de%20Campeones%204.png
M+ Liga de Campeones 5,ES: M+ Liga de Campeones 5,https://raw.githubusercontent.com/davidmuma/picons_dobleM/master/icon/M%2B%20Liga%20de%20Campeones%205.png
M+ Liga de Campeones 6,ES: M+ Liga de Campeones 6,https://raw.githubusercontent.com/davidmuma/picons_dobleM/master/icon/M%2B%20Liga%20de%20Campeones%206.png
M+ Liga de Campeones 7,ES: M+ Liga de Campeones 7,https://raw.githubusercontent.com/davidmuma/picons_dobleM/master/icon/M%2B%20Liga%20de%20Campeones%207.png
M+ Liga de Campeones 8,ES: M+ Liga de Campeones 8,https://raw.githubusercontent.com/davidmuma/picons_dobleM/master/icon/M%2B%20Liga%20de%20Campeones%208.png
M+ Liga de Campeones 9,ES: M+ Liga de Campeones 9,https://raw.githubusercontent.com/davidmuma/picons_dobleM/master/icon/M%2B%20Liga%20de%20Campeones%209.png
M+ Liga de Campeones 10,ES: M+ Liga de Campeones 10,https://raw.githubusercontent.com/davidmuma/picons_dobleM/master/icon/M%2B%20Liga%20de%20Campeones%2010.png
M+ Liga de Campeones 11,ES: M+ Liga de Campeones 11,https://raw.githubusercontent.com/davidmuma/picons_dobleM/master/icon/M%2B%20Liga%20de%20Campeones%2011.png
M+ Liga de Campeones 12,ES: M+ Liga de Campeones 12,https://raw.githubusercontent.com/davidmuma/picons_dobleM/master/icon/M%2B%20Liga%20de%20Campeones%2012.png
M+ Liga de Campeones 13,ES: M+ Liga de Campeones 13,https://raw.githubusercontent.com/davidmuma/picons_dobleM/master/icon/M%2B%20Liga%20de%20Campeones%2013.png
M+ Liga de Campeones 14,ES: M+ Liga de Campeones 14,https://raw.githubusercontent.com/davidmuma/picons_dobleM/master/icon/M%2B%20Liga%20de%20Campeones%2014.png
M+ Liga de Campeones 15,ES: M+ Liga de Campeones 15,https://raw.githubusercontent.com/davidmuma/picons_dobleM/master/icon/M%2B%20Liga%20de%20Campeones%2015.png
M+ Liga de Campeones 16,ES: M+ Liga de Campeones 16,https://raw.githubusercontent.com/davidmuma/picons_dobleM/master/icon/M%2B%20Liga%20de%20Campeones%2016.png
M+ Liga de Campeones 17,ES: M+ Liga de Campeones 17,https://raw.githubusercontent.com/davidmuma/picons_dobleM/master/icon/M%2B%20Liga%20de%20Campeones%2017.png
M+ Liga de Campeones 18,ES: M+ Liga de Campeones 18,https://raw.githubusercontent.com/davidmuma/picons_dobleM/master/icon/M%2B%20Liga%20de%20Campeones%2018.png
M+ Liga de Campeones 19,ES: M+ Liga de Campeones 19,https://raw.githubusercontent.com/davidmuma/picons_dobleM/master/icon/M%2B%20Liga%20de%20Campeones%2019.png
M+ LaLiga 3 HD,ES: M+ LaLiga 3,https://raw.githubusercontent.com/davidmuma/picons_dobleM/master/icon/M%2B%20LaLiga%203.png
M+ LaLiga 4,ES: M+ LaLiga 4,https://raw.githubusercontent.com/davidmuma/picons_dobleM/master/icon/M%2B%20LaLiga%204.png
M+ LaLiga 5,ES: M+ LaLiga 5,https://raw.githubusercontent.com/davidmuma/picons_dobleM/master/icon/M%2B%20LaLiga%205.png
M+ LaLiga 6,ES: M+ LaLiga 6,https://raw.githubusercontent.com/davidmuma/picons_dobleM/master/icon/M%2B%20LaLiga%206.png
DAZN LaLiga 3,ES: DAZN LaLiga 3,https://raw.githubusercontent.com/davidmuma/picons_dobleM/master/icon/DAZN%20LaLiga%203.png
DAZN LaLiga 4,ES: DAZN LaLiga 4,https://raw.githubusercontent.com/davidmuma/picons_dobleM/master/icon/DAZN%20LaLiga%204.png
DAZN LaLiga 5,ES: DAZN LaLiga 5,https://raw.githubusercontent.com/davidmuma/picons_dobleM/master/icon/DAZN%20LaLiga%205.png
M+ Vamos 2,ES: M+ Vamos 2,https://raw.githubusercontent.com/davidmuma/picons_dobleM/master/icon/M%2B%20Vamos%202.png
LaLiga TV Hypermotion 3,ES: LaLiga TV Hypermotion 3,https://raw.githubusercontent.com/davidmuma/picons_dobleM/master/icon/LaLiga%20TV%20Hypermotion%203.png
M+ Deportes 4,ES. M+ Deportes 4,https://raw.githubusercontent.com/davidmuma/picons_dobleM/master/icon/M%2B%20Deportes%204.png
M+ Deportes 5,ES: M+ Deportes 5,https://raw.githubusercontent.com/davidmuma/picons_dobleM/master/icon/M%2B%20Deportes%205.png
M+ Deportes 6,ES: M+ Deportes 6,https://raw.githubusercontent.com/davidmuma/picons_dobleM/master/icon/M%2B%20Deportes%206.png
M+ Deportes 7,ES: M+ Deportes 7,https://raw.githubusercontent.com/davidmuma/picons_dobleM/master/icon/M%2B%20Deportes%207.png
M+ Deportes 8,ES: M+ Deportes 8,https://raw.githubusercontent.com/davidmuma/picons_dobleM/master/icon/M%2B%20Deportes%208.png
DAZN 3 HD,ES: DAZN 3,https://raw.githubusercontent.com/davidmuma/picons_dobleM/master/icon/DAZN%203.png
DAZN 4 HD,ES: DAZN 4,https://raw.githubusercontent.com/davidmuma/picons_dobleM/master/icon/DAZN%204.png
M+ LaLiga HDR,M+ LaLiga HDR,https://raw.githubusercontent.com/davidmuma/picons_dobleM/master/icon/M%2B%20LaLiga%20HDR.png
M+ LaLiga 2 HDR,M+ LaLiga 2 HDR,https://raw.githubusercontent.com/davidmuma/picons_dobleM/master/icon/M%2B%20LaLiga%202%20HDR.png
M+ Liga de Campeones HDR,M+ Liga de Campeones HDR,https://raw.githubusercontent.com/davidmuma/picons_dobleM/master/icon/M%2B%20Liga%20de%20Campeones%20HDR.png
M+ Liga de Campeones 2 HDR,M+ Liga de Campeones 2 HDR,https://raw.githubusercontent.com/davidmuma/picons_dobleM/master/icon/M%2B%20Liga%20de%20Campeones%202%20HDR.png
Vamos BAR,Vamos BAR,https://raw.githubusercontent.com/davidmuma/picons_dobleM/master/icon/Vamos%20BAR.png
Vamos BAR 2,Vamos BAR 2,https://raw.githubusercontent.com/davidmuma/picons_dobleM/master/icon/Vamos%20BAR%202.png
LaLiga TV BAR HD,es: (fhd)LaLiga TV BAR,https://raw.githubusercontent.com/davidmuma/picons_dobleM/master/icon/LaLiga%20TV%20BAR.png
LaLiga TV BAR 2,LaLiga TV BAR 2,https://raw.githubusercontent.com/davidmuma/picons_dobleM/master/icon/LaLiga%20TV%20BAR%202.png
LaLiga TV BAR 3,LaLiga TV BAR 3,https://raw.githubusercontent.com/davidmuma/picons_dobleM/master/icon/LaLiga%20TV%20BAR%203.png
Rally.TV,ES: Rally TV,https://tvpnlogopeu.samsungcloud.tv/platform/image/sourcelogo/vc/00/02/34/ES1600005T1_20250729T045105SQUARE.png
DAZN F1 BAR,DAZN F1 BAR,https://raw.githubusercontent.com/davidmuma/picons_dobleM/master/icon/DAZN%20F1%20BAR.png
Gol Classics,Gol Classics,https://raw.githubusercontent.com/davidmuma/picons_dobleM/master/icon/Gol%20Classics.png
GolStadium,GolStadium,https://raw.githubusercontent.com/davidmuma/picons_dobleM/master/icon/GolStadium.png
Iberalia pesca,Iberalia pesca,https://raw.githubusercontent.com/davidmuma/picons_dobleM/master/icon/Iberalia%20pesca.png
Iberalia caza,Iberalia caza,https://raw.githubusercontent.com/davidmuma/picons_dobleM/master/icon/Iberalia%20caza.png
Global Telenovelas,Global Telenovelas,https://raw.githubusercontent.com/davidmuma/picons_dobleM/master/icon/Global%20Telenovelas.png
Global Tendencias,Global Tendencias,https://raw.githubusercontent.com/davidmuma/picons_dobleM/master/icon/Global%20Tendencias.png
Fight Time,Fight Time,https://raw.githubusercontent.com/davidmuma/picons_dobleM/master/icon/Fight%20Time.png
DBike,DBike,https://raw.githubusercontent.com/davidmuma/picons_dobleM/master/icon/DBike.png
Náutica TV,Náutica TV,https://raw.githubusercontent.com/davidmuma/picons_dobleM/master/icon/N%C3%A1utica%20TV.png
DejateTV,DejateTV,https://raw.githubusercontent.com/davidmuma/picons_dobleM/master/icon/DejateTV.png
PTV Granada,PTV Granada,https://raw.githubusercontent.com/davidmuma/picons_dobleM/master/icon/PTV%20Granada.png
PTV Sevilla,PTV Sevilla,https://raw.githubusercontent.com/davidmuma/picons_dobleM/master/icon/PTV%20Sevilla.png
PTV Linares,PTV Linares,https://raw.githubusercontent.com/davidmuma/picons_dobleM/master/icon/PTV%20Linares.png
PTV Málaga,PTV Málaga,https://raw.githubusercontent.com/davidmuma/picons_dobleM/master/icon/PTV%20M%C3%A1laga.png
NFL Network,NFL Network,https://raw.githubusercontent.com/davidmuma/picons_dobleM/master/icon/NFL%20Network.png
Red Bull TV,Red Bull TV,https://raw.githubusercontent.com/davidmuma/picons_dobleM/master/icon/Red%20Bull%20TV.png
DAZN LALIGA EA SPORTS,DAZN LALIGA EA SPORTS,https://image.discovery.indazn.com/eu/v4/onboarding-images/none/sn_34pl8szyvrbwcmfkuocjm3r6t/fill/center/top/none/100/0/0/png/image/25/g
DAZN LALIGA EA SPORTS 2,DAZN LALIGA EA SPORTS 2,https://image.discovery.indazn.com/eu/v4/onboarding-images/none/sn_34pl8szyvrbwcmfkuocjm3r6t/fill/center/top/none/100/0/0/png/image/25/g
DAZN Liga F,DAZN Liga F,https://image.discovery.indazn.com/eu/v4/onboarding-images/none/sn_5k620c7y6dlbmcm88dt3eb7t/fill/center/top/none/100/0/0/png/image/25/g
DAZN Liga F 2,DAZN Liga F 2,https://image.discovery.indazn.com/eu/v4/onboarding-images/none/sn_5k620c7y6dlbmcm88dt3eb7t/fill/center/top/none/100/0/0/png/image/25/g
DAZN Liga F 3,DAZN Liga F 3,https://image.discovery.indazn.com/eu/v4/onboarding-images/none/sn_5k620c7y6dlbmcm88dt3eb7t/fill/center/top/none/100/0/0/png/image/25/g
DAZN National League,DAZN National League,https://image.discovery.indazn.com/eu/v4/onboarding-images/none/sn_b5udgm9vakjqz8dcmy5b2g0xt/fill/center/top/none/100/0/0/png/image/25/g
DAZN National League 2,DAZN National League 2,https://image.discovery.indazn.com/eu/v4/onboarding-images/none/sn_b5udgm9vakjqz8dcmy5b2g0xt/fill/center/top/none/100/0/0/png/image/25/g
DAZN National League 3,DAZN National League 3,https://image.discovery.indazn.com/eu/v4/onboarding-images/none/sn_b5udgm9vakjqz8dcmy5b2g0xt/fill/center/top/none/100/0/0/png/image/25/g
DAZN National League 4,DAZN National League 4,https://image.discovery.indazn.com/eu/v4/onboarding-images/none/sn_b5udgm9vakjqz8dcmy5b2g0xt/fill/center/top/none/100/0/0/png/image/25/g
DAZN National League 5,DAZN National League 5,https://image.discovery.indazn.com/eu/v4/onboarding-images/none/sn_b5udgm9vakjqz8dcmy5b2g0xt/fill/center/top/none/100/0/0/png/image/25/g
DAZN National League 6,DAZN National League 6,https://image.discovery.indazn.com/eu/v4/onboarding-images/none/sn_b5udgm9vakjqz8dcmy5b2g0xt/fill/center/top/none/100/0/0/png/image/25/g
DAZN National League 7,DAZN National League 7,https://image.discovery.indazn.com/eu/v4/onboarding-images/none/sn_b5udgm9vakjqz8dcmy5b2g0xt/fill/center/top/none/100/0/0/png/image/25/g
DAZN National League 8,DAZN National League 8,https://image.discovery.indazn.com/eu/v4/onboarding-images/none/sn_b5udgm9vakjqz8dcmy5b2g0xt/fill/center/top/none/100/0/0/png/image/25/g
DAZN National League 9,DAZN National League 9,https://image.discovery.indazn.com/eu/v4/onboarding-images/none/sn_b5udgm9vakjqz8dcmy5b2g0xt/fill/center/top/none/100/0/0/png/image/25/g
DAZN Premier League,DAZN Premier League,https://image.discovery.indazn.com/eu/v4/onboarding-images/none/sn_2kwbbcootiqqgmrzs6o5inle5/fill/center/top/none/100/0/0/png/image/25/g
DAZN Premier League 2,DAZN Premier League 2,https://image.discovery.indazn.com/eu/v4/onboarding-images/none/sn_2kwbbcootiqqgmrzs6o5inle5/fill/center/top/none/100/0/0/png/image/25/g
DAZN Premier League 3,DAZN Premier League 3,https://image.discovery.indazn.com/eu/v4/onboarding-images/none/sn_2kwbbcootiqqgmrzs6o5inle5/fill/center/top/none/100/0/0/png/image/25/g
DAZN Premier League 4,DAZN Premier League 4,https://image.discovery.indazn.com/eu/v4/onboarding-images/none/sn_2kwbbcootiqqgmrzs6o5inle5/fill/center/top/none/100/0/0/png/image/25/g
DAZN Premier League 5,DAZN Premier League 5,https://image.discovery.indazn.com/eu/v4/onboarding-images/none/sn_2kwbbcootiqqgmrzs6o5inle5/fill/center/top/none/100/0/0/png/image/25/g
DAZN Serie A,DAZN Serie A,https://image.discovery.indazn.com/eu/v4/onboarding-images/none/sn_1r097lpxe0xn03ihb7wi98kao/fill/center/top/none/100/0/0/png/image/25/g
DAZN Serie A 2,DAZN Serie A 2,https://image.discovery.indazn.com/eu/v4/onboarding-images/none/sn_1r097lpxe0xn03ihb7wi98kao/fill/center/top/none/100/0/0/png/image/25/g
DAZN MotoGP,DAZN MotoGP,https://image.discovery.indazn.com/eu/v4/onboarding-images/none/sn_2e554vbpw7g0ykhl0rziuabxl/fill/center/top/none/100/0/0/png/image/25/g
VE PLUS TV,VE PLUS TV,https://raw.githubusercontent.com/davidmuma/picons_dobleM/master/icon/VE%20PLUS%20TV.png
Extreme Channel,Extreme Channel,https://raw.githubusercontent.com/davidmuma/picons_dobleM/master/icon/Extreme%20Channel.png
Nós Televisión,Nós Televisión,https://raw.githubusercontent.com/davidmuma/picons_dobleM/master/icon/N%C3%B3s%20Televisi%C3%B3n.png
TELEVIGO,TELEVIGO,https://raw.githubusercontent.com/davidmuma/picons_dobleM/master/icon/TELEVIGO.png
Lolly Kids,Lolly Kids,https://raw.githubusercontent.com/davidmuma/picons_dobleM/master/icon/Lolly%20Kids.png
VINX,VINX,https://raw.githubusercontent.com/davidmuma/picons_dobleM/master/icon/VINX.png
HIT TV,HIT TV,https://raw.githubusercontent.com/davidmuma/picons_dobleM/master/icon/HIT%20TV.png
MTV 80s,MTV 80s,https://raw.githubusercontent.com/davidmuma/picons_dobleM/master/icon/MTV%2080s.png
MTV 90s,MTV 90s,https://raw.githubusercontent.com/davidmuma/picons_dobleM/master/icon/MTV%2090s.png
MTV Hits,MTV Hits,https://raw.githubusercontent.com/davidmuma/picons_dobleM/master/icon/MTV%20Hits.png
Club MTV,Club MTV,https://raw.githubusercontent.com/davidmuma/picons_dobleM/master/icon/Club%20MTV.png
NickMusic,NickMusic,https://raw.githubusercontent.com/davidmuma/picons_dobleM/master/icon/NickMusic.png
Record,Record,https://raw.githubusercontent.com/davidmuma/picons_dobleM/master/icon/Record.png
RTP Internacional,RTP Internacional,https://raw.githubusercontent.com/davidmuma/picons_dobleM/master/icon/RTP%20Internacional.png
NHK WORLD,NHK WORLD,https://raw.githubusercontent.com/davidmuma/picons_dobleM/master/icon/NHK%20WORLD.png
PRO TV RUMANIA,PRO TV RUMANIA,https://raw.githubusercontent.com/davidmuma/picons_dobleM/master/icon/PRO%20TV%20RUMANIA.png
Playboy TV,Playboy TV,https://raw.githubusercontent.com/davidmuma/picons_dobleM/master/icon/Playboy%20TV.png
Dark Rojo,Dark Rojo,https://raw.githubusercontent.com/davidmuma/picons_dobleM/master/icon/Dark%20Rojo.png
AMC Anime,AMC Anime,https://raw.githubusercontent.com/davidmuma/picons_dobleM/master/icon/AMC%20Anime.png
AMC+ Connect,AMC+ Connect,https://raw.githubusercontent.com/davidmuma/picons_dobleM/master/icon/AMC%2B%20Connect.png
Squirrel TV,es: diney channel,https://raw.githubusercontent.com/davidmuma/picons_dobleM/master/icon/Squirrel%20TV.png
Escapa TV,Escapa TV,https://raw.githubusercontent.com/davidmuma/picons_dobleM/master/icon/Escapa%20TV.png
Popular TV Región de Murcia,Popular TV Región de Murcia,https://raw.githubusercontent.com/davidmuma/picons_dobleM/master/icon/Popular%20TV%20Regi%C3%B3n%20de%20Murcia.png
La 7 Rioja,La 7 Rioja,https://raw.githubusercontent.com/davidmuma/picons_dobleM/master/icon/La%207%20Rioja.png
ETB4,ETB4,https://raw.githubusercontent.com/davidmuma/picons_dobleM/master/icon/ETB4.png
TPA7 Asturias,TPA7 Asturias,https://raw.githubusercontent.com/davidmuma/picons_dobleM/master/icon/TPA7%20Asturias.png
TPA8 Asturias,TPA8 Asturias,https://raw.githubusercontent.com/davidmuma/picons_dobleM/master/icon/TPA8%20Asturias.png
Levante TV,Levante TV,https://raw.githubusercontent.com/davidmuma/picons_dobleM/master/icon/Levante%20TV.png
Onda Algeciras TV,Onda Algeciras TV,https://raw.githubusercontent.com/davidmuma/picons_dobleM/master/icon/Onda%20Algeciras%20TV.png
Tele Elx,Tele Elx,https://raw.githubusercontent.com/davidmuma/picons_dobleM/master/icon/Tele%20Elx.png
7teleValencia,7teleValencia,https://raw.githubusercontent.com/davidmuma/picons_dobleM/master/icon/7teleValencia.png
Información TV,Información TV,https://raw.githubusercontent.com/davidmuma/picons_dobleM/master/icon/Informaci%C3%B3n%20TV.png
DAZN 1 BAR,DAZN 1 BAR,https://raw.githubusercontent.com/davidmuma/picons_dobleM/master/icon/DAZN%201%20BAR.png
DAZN 2 BAR,DAZN 2 BAR,https://raw.githubusercontent.com/davidmuma/picons_dobleM/master/icon/DAZN%202%20BAR.png
LaLiga TV BAR 4,LaLiga TV BAR 4,https://raw.githubusercontent.com/davidmuma/picons_dobleM/master/icon/LaLiga%20TV%20BAR%204.png
LaLiga TV BAR 5,LaLiga TV BAR 5,https://raw.githubusercontent.com/davidmuma/picons_dobleM/master/icon/LaLiga%20TV%20BAR%205.png
La 1 Cataluña,La 1 Cataluña,https://raw.githubusercontent.com/davidmuma/picons_dobleM/master/icon/La%201%20Catalu%C3%B1a.png
La 2 Cataluña,La 2 Cataluña,https://raw.githubusercontent.com/davidmuma/picons_dobleM/master/icon/La%202%20Catalu%C3%B1a.png
24 horas Cataluña,24 horas Cataluña,https://raw.githubusercontent.com/davidmuma/picons_dobleM/master/icon/24%20horas%20Catalu%C3%B1a.png
La 1 Canarias,La 1 Canarias,https://raw.githubusercontent.com/davidmuma/picons_dobleM/master/icon/La%201%20Canarias.png
La 2 Canarias,La 2 Canarias,https://raw.githubusercontent.com/davidmuma/picons_dobleM/master/icon/La%202%20Canarias.png
24 horas Canarias,24 horas Canarias,https://raw.githubusercontent.com/davidmuma/picons_dobleM/master/icon/24%20horas%20Canarias.png
La Promesa,La Promesa,https://raw.githubusercontent.com/davidmuma/picons_dobleM/master/icon/La%20Promesa.png
La Revuelta,La Revuelta,https://raw.githubusercontent.com/davidmuma/picons_dobleM/master/icon/La%20Revuelta.png
Somos Cine,Somos Cine,https://raw.githubusercontent.com/davidmuma/picons_dobleM/master/icon/Somos%20Cine.png
Cuéntame,Cuéntame,https://raw.githubusercontent.com/davidmuma/picons_dobleM/master/icon/Cu%C3%A9ntame.png
Saber y ganar,Saber y ganar,https://raw.githubusercontent.com/davidmuma/picons_dobleM/master/icon/Saber%20y%20ganar.png
Los Conciertos de Radio 3,Los Conciertos de Radio 3,https://raw.githubusercontent.com/davidmuma/picons_dobleM/master/icon/Los%20Conciertos%20de%20Radio%203.png
TV3 Catalunya,TV3 Catalunya,https://raw.githubusercontent.com/davidmuma/picons_dobleM/master/icon/TV3%20Catalunya.png
3CatInfo Catalunya,3CatInfo Catalunya,https://raw.githubusercontent.com/davidmuma/picons_dobleM/master/icon/3CatInfo%20Catalunya.png
SX3 Catalunya,SX3 Catalunya,https://raw.githubusercontent.com/davidmuma/picons_dobleM/master/icon/SX3%20Catalunya.png
El 33 Catalunya,El 33 Catalunya,https://raw.githubusercontent.com/davidmuma/picons_dobleM/master/icon/El%2033%20Catalunya.png
Esport3 Catalunya,Esport3 Catalunya,https://raw.githubusercontent.com/davidmuma/picons_dobleM/master/icon/Esport3%20Catalunya.png
TV3CAT Catalunya,TV3CAT Catalunya,https://raw.githubusercontent.com/davidmuma/picons_dobleM/master/icon/TV3CAT%20Catalunya.png
Bon Dia TV,Bon Dia TV,https://raw.githubusercontent.com/davidmuma/picons_dobleM/master/icon/Bon%20Dia%20TV.png
El Hormiguero,El Hormiguero,https://raw.githubusercontent.com/davidmuma/picons_dobleM/master/icon/El%20Hormiguero.png
atresplayer,https://raw.githubusercontent.com/davidmuma/picons_dobleM/master/icon/Multicine%20atresplayer.png
Comedia atresplayer,Comedia atresplayer,https://raw.githubusercontent.com/davidmuma/picons_dobleM/master/icon/Comedia%20atresplayer.png
Inquietos atresplayer,Inquietos atresplayer,https://raw.githubusercontent.com/davidmuma/picons_dobleM/master/icon/Inquietos%20atresplayer.png
Flooxer,Flooxer,https://raw.githubusercontent.com/davidmuma/picons_dobleM/master/icon/Flooxer.png
Kidz,Kidz,https://raw.githubusercontent.com/davidmuma/picons_dobleM/master/icon/Kidz.png
ATRESplayer PREMIUM,ATRESplayer PREMIUM,https://raw.githubusercontent.com/davidmuma/picons_dobleM/master/icon/ATRESplayer%20PREMIUM.png
DARK,ES: DARK,https://raw.githubusercontent.com/davidmuma/picons_dobleM/master/icon/DARK.png
AMC Break,ES: AMC Break,https://raw.githubusercontent.com/davidmuma/picons_dobleM/master/icon/AMC%20Break.png
Odisea,ES: Odisea,https://raw.githubusercontent.com/davidmuma/picons_dobleM/master/icon/Odisea.png
AMC HD,ES: AMC,https://raw.githubusercontent.com/davidmuma/picons_dobleM/master/icon/AMC.png
AMC Crime,ES: AMC Crime,https://raw.githubusercontent.com/davidmuma/picons_dobleM/master/icon/AMC%20Crime.png
Historia,ES: Historia,https://raw.githubusercontent.com/davidmuma/picons_dobleM/master/icon/Historia.png
XTRM,ES: XTRM,https://raw.githubusercontent.com/davidmuma/picons_dobleM/master/icon/XTRM.png
Canal Hollywood HD,ES: hollywood,https://raw.githubusercontent.com/davidmuma/picons_dobleM/master/icon/Canal%20Hollywood.png
Sundance TV,ES: Sundance,https://raw.githubusercontent.com/davidmuma/picons_dobleM/master/icon/Sundance%20TV.png
VinTV,ES: VinTV,https://raw.githubusercontent.com/davidmuma/picons_dobleM/master/icon/VinTV.png
Somos,ES: Somos,https://raw.githubusercontent.com/davidmuma/picons_dobleM/master/icon/Somos.png
Canal Cocina,ES: Canal Cocina,https://raw.githubusercontent.com/davidmuma/picons_dobleM/master/icon/Canal%20Cocina.png
Decasa,ES: CANAL Decasa,https://raw.githubusercontent.com/davidmuma/picons_dobleM/master/icon/Decasa.png
DAZN Baloncesto,ES: ACB EVENTO 01,https://raw.githubusercontent.com/davidmuma/picons_dobleM/master/icon/DAZN%20Baloncesto.png
DAZN Baloncesto 2,ES: ACB EVENTO 02,https://raw.githubusercontent.com/davidmuma/picons_dobleM/master/icon/DAZN%20Baloncesto%202.png
DAZN Baloncesto 3,ES: ACB EVENTO 03,https://raw.githubusercontent.com/davidmuma/picons_dobleM/master/icon/DAZN%20Baloncesto%203.png
Moto ADV,Moto ADV,https://raw.githubusercontent.com/davidmuma/picons_dobleM/master/icon/Moto%20ADV.png
Onetoro,ES:(LINEA 1)Onetoro,https://raw.githubusercontent.com/davidmuma/picons_dobleM/master/icon/Onetoro.png
Onetoro,ES:(LINEA 2)Onetoro,https://raw.githubusercontent.com/davidmuma/picons_dobleM/master/icon/Onetoro.png
clan,ES: Clan TVE,https://raw.githubusercontent.com/davidmuma/picons_dobleM/master/icon/Clan.png
Torolé TV,ES: TorolE TV,https://raw.githubusercontent.com/davidmuma/picons_dobleM/master/icon/Torol%C3%A9%20TV.png
Iberalia pesca,ES: Iberalia 100% pesca,https://raw.githubusercontent.com/davidmuma/picons_dobleM/master/icon/Iberalia%20pesca.png
Iberalia caza,ES: Iberalia 100% caza,https://raw.githubusercontent.com/davidmuma/picons_dobleM/master/icon/Iberalia%20caza.png
Betis TV,ES: Betis TV,https://raw.githubusercontent.com/davidmuma/picons_dobleM/master/icon/Betis%20TV.png
BuenViaje,ES: M+ Buen Viaje,https://raw.githubusercontent.com/davidmuma/picons_dobleM/master/icon/BuenViaje.png
Cazavisión,ES: CAZAVISIÓN,https://raw.githubusercontent.com/davidmuma/picons_dobleM/master/icon/Cazavisi%C3%B3n.png
LaLiga TV BAR HD,ES: (FHD) M+ LaLiga TV BAR,https://raw.githubusercontent.com/davidmuma/picons_dobleM/master/icon/LaLiga%20TV%20BAR.png
